"country","year","movi","movi_ave_global","movi_ave_10","movi_ave_5","change_global","change_10","change_5"
"Argentina",2000,0.621512687945869,0.160353327539173,0.114053556049499,0.0409256750335369,2.87589517151765,4.44930565493402,14.1863759714792
"Argentina",2001,0.330371698200465,0.160353327539173,0.114053556049499,0.0409256750335369,1.0602734178981,1.89663654202141,7.07248012231293
"Argentina",2002,0.185841315711119,0.160353327539173,0.114053556049499,0.0409256750335369,0.158948919633235,0.629421494148455,3.54094686425648
"Argentina",2003,0,0.160353327539173,0.114053556049499,0.0409256750335369,-1,-1,-1
"Argentina",2004,0.212895481065518,0.160353327539173,0.114053556049499,0.0409256750335369,0.327664878133004,0.866627297206954,4.20200292093066
"Argentina",2005,0.160761859442097,0.160353327539173,0.114053556049499,0.0409256750335369,0.00254769831841561,0.409529566726765,2.92814191361192
"Argentina",2006,0.272215311385087,0.160353327539173,0.114053556049499,0.0409256750335369,0.697596897816709,1.3867323458722,5.65145562442202
"Argentina",2007,0.0806449153018278,0.160353327539173,0.114053556049499,0.0409256750335369,-0.497079876423975,-0.292920641011595,0.970521322757477
"Argentina",2008,0.172093189794306,0.160353327539173,0.114053556049499,0.0409256750335369,0.0732124642207062,0.508880527316641,3.20501774627499
"Argentina",2009,0.143934228699734,0.160353327539173,0.114053556049499,0.0409256750335369,-0.102393253020759,0.261988084240591,2.51696651507363
"Argentina",2010,0.127043192141064,0.160353327539173,0.114053556049499,0.0409256750335369,-0.207729617522104,0.113890671553701,2.10424182464815
"Argentina",2011,0.10601416227246,0.160353327539173,0.114053556049499,0.0409256750335369,-0.338871454060961,-0.0704878835478819,1.59040717558319
"Argentina",2012,0.134262930946446,0.160353327539173,0.114053556049499,0.0409256750335369,-0.162705676228349,0.177191975392475,2.2806528135803
"Argentina",2013,0.0825584277877874,0.160353327539173,0.114053556049499,0.0409256750335369,-0.485146775219747,-0.276143325579807,1.01727711809602
"Argentina",2014,0.204418310142031,0.160353327539173,0.114053556049499,0.0409256750335369,0.274799302759047,0.792301066468406,3.99486715795203
"Argentina",2015,0.204549606924439,0.160353327539173,0.114053556049499,0.0409256750335369,0.275618099502607,0.793452251814622,3.99807533429367
"Argentina",2016,0.0748061572532141,0.160353327539173,0.114053556049499,0.0409256750335369,-0.533491706089233,-0.344113766862749,0.827853961893446
"Argentina",2017,0.369574683219833,0.160353327539173,0.114053556049499,0.0409256750335369,1.30475219249534,2.24036089729143,8.03038698609081
"Argentina",2018,0.0808943167115828,0.160353327539173,0.114053556049499,0.0409256750335369,-0.495524552230942,-0.290733936638723,0.976615331214287
"Argentina",2019,0.0466079678416532,0.160353327539173,0.114053556049499,0.0409256750335369,-0.709342060081246,-0.591350156399986,0.138844204853308
"Argentina",2020,0,0.160353327539173,0.114053556049499,0.0409256750335369,-1,-1,-1
"Argentina",2021,0.0380902036416336,0.160353327539173,0.114053556049499,0.0409256750335369,-0.762460784405435,-0.666032301306743,-0.0692834361212061
"Argentina",2022,0.0390358869728149,0.160353327539173,0.114053556049499,0.0409256750335369,-0.75656328701206,-0.657740728786453,-0.0461760999463882
"Bolivia",2000,1.64978204616655,0.810398124472803,0.296418748031331,0.19943603673691,1.03576735476751,4.56571423745495,7.27223641804963
"Bolivia",2001,1.01688801061948,0.810398124472803,0.296418748031331,0.19943603673691,0.25480054791712,2.43057926454772,4.09881778267048
"Bolivia",2002,1.32462280164096,0.810398124472803,0.296418748031331,0.19943603673691,0.634533399867726,3.46875513252269,5.64184278485419
"Bolivia",2003,1.06856478884006,0.810398124472803,0.296418748031331,0.19943603673691,0.318567697247824,2.60491634195525,4.35793232919926
"Bolivia",2004,1.22179095603302,0.810398124472803,0.296418748031331,0.19943603673691,0.507642872233749,3.12184102438716,5.12622962240656
"Bolivia",2005,0.853213539683923,0.810398124472803,0.296418748031331,0.19943603673691,0.0528325694719158,1.87840612427706,3.27813124269741
"Bolivia",2006,0.922993258937089,0.810398124472803,0.296418748031331,0.19943603673691,0.138938049168776,2.11381538808581,3.6280164509821
"Bolivia",2007,0.639471319701951,0.810398124472803,0.296418748031331,0.19943603673691,-0.210917078420001,1.15732413671203,2.20639805205076
"Bolivia",2008,1.3313770232334,0.810398124472803,0.296418748031331,0.19943603673691,0.642867848564574,3.49154121348854,5.67570939042332
"Bolivia",2009,1.42258909787272,0.810398124472803,0.296418748031331,0.19943603673691,0.755420027407111,3.79925479518709,6.13305940665757
"Bolivia",2010,0.561991790851109,0.810398124472803,0.296418748031331,0.19943603673691,-0.306523825907535,0.895938750782751,1.81790492854845
"Bolivia",2011,2.79848706711203,0.810398124472803,0.296418748031331,0.19943603673691,2.45322500460198,8.44099212920309,13.0320030065765
"Bolivia",2012,0.863197681868871,0.810398124472803,0.296418748031331,0.19943603673691,0.065152615488117,1.91208868400467,3.3281931189175
"Bolivia",2013,0.524896585323499,0.810398124472803,0.296418748031331,0.19943603673691,-0.352297877459964,0.770794151212116,1.63190441362374
"Bolivia",2014,0,0.810398124472803,0.296418748031331,0.19943603673691,-1,-1,-1
"Bolivia",2015,0.535602753718685,0.810398124472803,0.296418748031331,0.19943603673691,-0.339086878974311,0.806912542731854,1.68558662958809
"Bolivia",2016,0.396169672292986,0.810398124472803,0.296418748031331,0.19943603673691,-0.511141918608572,0.336520294091221,0.986449784978435
"Bolivia",2017,0.510338285293591,0.810398124472803,0.296418748031331,0.19943603673691,-0.370262257670467,0.721680186165718,1.55890707438603
"Bolivia",2018,0.247780442496261,0.810398124472803,0.296418748031331,0.19943603673691,-0.694248499578584,-0.164086468410322,0.24240556797228
"Bolivia",2019,0.277469969445309,0.810398124472803,0.296418748031331,0.19943603673691,-0.657612769494235,-0.0639257088557004,0.391272981478965
"Bolivia",2020,0.198186682753529,0.810398124472803,0.296418748031331,0.19943603673691,-0.755445284523015,-0.33139626265279,-0.00626443447143432
"Bolivia",2021,0.176841846506648,0.810398124472803,0.296418748031331,0.19943603673691,-0.781783988429526,-0.403405325468968,-0.113290409295826
"Bolivia",2022,0.0969012424828027,0.810398124472803,0.296418748031331,0.19943603673691,-0.880427607670192,-0.673093408813128,-0.514123705683984
"Brazil",2000,1.77006612403103,1.2406478384705,0.496094501746622,0.326898576388849,0.42672728645803,2.56800189842677,4.41472570356353
"Brazil",2001,1.33000972581007,1.2406478384705,0.496094501746622,0.326898576388849,0.0720284069085571,1.68096042412776,3.0685699537217
"Brazil",2002,2.98314317307608,1.2406478384705,0.496094501746622,0.326898576388849,1.40450438921796,5.01325586672136,8.12559242695385
"Brazil",2003,2.81220466961252,1.2406478384705,0.496094501746622,0.326898576388849,1.26672274146665,4.66868743699329,7.60268252213914
"Brazil",2004,1.35649243800564,1.2406478384705,0.496094501746622,0.326898576388849,0.0933742807128579,1.73434281821261,3.1495819681762
"Brazil",2005,6.10963522119433,1.2406478384705,0.496094501746622,0.326898576388849,3.9245523441418,11.3154665082638,17.6896966291063
"Brazil",2006,1.78777161579893,1.2406478384705,0.496094501746622,0.326898576388849,0.440998452875188,2.60369165452277,4.46888773743804
"Brazil",2007,1.15841548638559,1.2406478384705,0.496094501746622,0.326898576388849,-0.0662817840284829,1.33507019793025,2.54365411799054
"Brazil",2008,0,1.2406478384705,0.496094501746622,0.326898576388849,-1,-1,-1
"Brazil",2009,1.22583913753147,1.2406478384705,0.496094501746622,0.326898576388849,-0.0119362646512827,1.47097908405678,2.74990662569702
"Brazil",2010,1.07438969553415,1.2406478384705,0.496094501746622,0.326898576388849,-0.134009134406193,1.16569563208522,2.28661478860695
"Brazil",2011,1.2953301140983,1.2406478384705,0.496094501746622,0.326898576388849,0.0440755820726841,1.61105517101636,2.96248319098671
"Brazil",2012,0.67065786627707,1.2406478384705,0.496094501746622,0.326898576388849,-0.459429303400169,0.351875225215873,1.05157781256078
"Brazil",2013,0.88132717269234,1.2406478384705,0.496094501746622,0.326898576388849,-0.289623416602358,0.776530821424976,1.69602634073264
"Brazil",2014,0.768313263184695,1.2406478384705,0.496094501746622,0.326898576388849,-0.380716074811453,0.548723601006786,1.35031082628753
"Brazil",2015,0.815147213062474,1.2406478384705,0.496094501746622,0.326898576388849,-0.34296648268262,0.643128900224755,1.49357835101994
"Brazil",2016,0.54709525092491,1.2406478384705,0.496094501746622,0.326898576388849,-0.559024540276164,0.102804503978028,0.673593250140479
"Brazil",2017,0.314569235657549,1.2406478384705,0.496094501746622,0.326898576388849,-0.746447601081256,-0.365908643312854,-0.0377161040818804
"Brazil",2018,0.194386452328812,1.2406478384705,0.496094501746622,0.326898576388849,-0.843318590254865,-0.608166485126469,-0.405361581943425
"Brazil",2019,0.319605300507272,1.2406478384705,0.496094501746622,0.326898576388849,-0.742388379202522,-0.355757220888311,-0.0223105158858262
"Brazil",2020,0.290864690024294,1.2406478384705,0.496094501746622,0.326898576388849,-0.765554187896801,-0.41369096210453,-0.110229560381116
"Brazil",2021,0.14650179468289,1.2406478384705,0.496094501746622,0.326898576388849,-0.881915084893469,-0.704689743250339,-0.551843277198538
"Brazil",2022,0.683134644400979,1.2406478384705,0.496094501746622,0.326898576388849,-0.449372639666091,0.377025228047957,1.08974493540891
"Chile",2000,0,NA,NA,NA,NA,NA,NA
"Chile",2001,0,NA,NA,NA,NA,NA,NA
"Chile",2002,NA,NA,NA,NA,NA,NA,NA
"Chile",2003,0,NA,NA,NA,NA,NA,NA
"Chile",2004,0,NA,NA,NA,NA,NA,NA
"Chile",2005,0,NA,NA,NA,NA,NA,NA
"Chile",2006,0,NA,NA,NA,NA,NA,NA
"Chile",2007,0,NA,NA,NA,NA,NA,NA
"Chile",2008,0,NA,NA,NA,NA,NA,NA
"Chile",2009,0,NA,NA,NA,NA,NA,NA
"Chile",2010,0,NA,NA,NA,NA,NA,NA
"Chile",2011,0,NA,NA,NA,NA,NA,NA
"Chile",2012,0,NA,NA,NA,NA,NA,NA
"Chile",2013,0,NA,NA,NA,NA,NA,NA
"Chile",2014,0,NA,NA,NA,NA,NA,NA
"Chile",2015,0,NA,NA,NA,NA,NA,NA
"Chile",2016,0,NA,NA,NA,NA,NA,NA
"Chile",2017,0,NA,NA,NA,NA,NA,NA
"Chile",2018,0,NA,NA,NA,NA,NA,NA
"Chile",2019,NA,NA,NA,NA,NA,NA,NA
"Chile",2020,0,NA,NA,NA,NA,NA,NA
"Chile",2021,0,NA,NA,NA,NA,NA,NA
"Chile",2022,0,NA,NA,NA,NA,NA,NA
"Colombia",2000,0.6806606517253,0.581875388353807,0.193875052754124,0.13909641394936,0.169770478952491,2.51082123283044,3.89344500263754
"Colombia",2001,0.899419417883393,0.581875388353807,0.193875052754124,0.13909641394936,0.545725143020663,3.63917046111165,5.46615820168331
"Colombia",2002,0.842837777527273,0.581875388353807,0.193875052754124,0.13909641394936,0.448485009671501,3.34732455545055,5.05937819384846
"Colombia",2003,0.935267187434875,0.581875388353807,0.193875052754124,0.13909641394936,0.607332439477899,3.82407186561027,5.72387706397212
"Colombia",2004,0.672414270642957,0.581875388353807,0.193875052754124,0.13909641394936,0.155598404918439,2.46828671915683,3.83415964187083
"Colombia",2005,0.735255300076104,0.581875388353807,0.193875052754124,0.13909641394936,0.263595805549065,2.79241831082089,4.28594001239875
"Colombia",2006,0.534699222174202,0.581875388353807,0.193875052754124,0.13909641394936,-0.0810760639199266,1.75795784232393,2.8440906346361
"Colombia",2007,1.13049187656078,0.581875388353807,0.193875052754124,0.13909641394936,0.942841885371835,4.83103323765174,7.1273977125848
"Colombia",2008,1.07731308957782,0.581875388353807,0.193875052754124,0.13909641394936,0.85144983125281,4.55673911766302,6.74508169542048
"Colombia",2009,0.527693284786756,0.581875388353807,0.193875052754124,0.13909641394936,-0.093116334960203,1.72182148910096,2.79372314356622
"Colombia",2010,2.36445896861419,0.581875388353807,0.193875052754124,0.13909641394936,3.06351431240891,11.1957876221076,15.9987054409253
"Colombia",2011,0.639051642578472,0.581875388353807,0.193875052754124,0.13909641394936,0.0982620254594766,2.29620357802781,3.59430710277783
"Colombia",2012,0.40482071501421,0.581875388353807,0.193875052754124,0.13909641394936,-0.304282801581461,1.08804954151379,1.91036054431705
"Colombia",2013,0,0.581875388353807,0.193875052754124,0.13909641394936,-1,-1,-1
"Colombia",2014,0.358380515602026,0.581875388353807,0.193875052754124,0.13909641394936,-0.384094046981561,0.848512794766491,1.57648997142729
"Colombia",2015,0.331430319625877,0.581875388353807,0.193875052754124,0.13909641394936,-0.430410142344168,0.709504729554884,1.38273806071333
"Colombia",2016,0.378859167705708,0.581875388353807,0.193875052754124,0.13909641394936,-0.348899824105735,0.954140887771595,1.72371628389813
"Colombia",2017,0.174598454860824,0.581875388353807,0.193875052754124,0.13909641394936,-0.699938408883759,-0.0994279440261282,0.25523332991452
"Colombia",2018,0.188551580286409,0.581875388353807,0.193875052754124,0.13909641394936,-0.675958832320021,-0.0274582644445028,0.355545947827623
"Colombia",2019,0.19554688538443,0.581875388353807,0.193875052754124,0.13909641394936,-0.663936833730578,0.00862324784213775,0.405837000626207
"Colombia",2020,0.223409559191133,0.581875388353807,0.193875052754124,0.13909641394936,-0.616052571284748,0.152337838300762,0.606148949838979
"Colombia",2021,0.041410809995741,0.581875388353807,0.193875052754124,0.13909641394936,-0.928832167806758,-0.786404648728792,-0.702287004963211
"Colombia",2022,0.0465632348890886,0.581875388353807,0.193875052754124,0.13909641394936,-0.919977308164173,-0.759828641036446,-0.665244893329597
"Costa Rica",2000,0.325819315677395,0.376510635059598,0.212718770910218,0.232008000802625,-0.134634495448392,0.531690476976823,0.404345171503709
"Costa Rica",2001,0.729972730728218,0.376510635059598,0.212718770910218,0.232008000802625,0.938783829074765,2.43163289071615,2.14632567929941
"Costa Rica",2002,0.7620703697602,0.376510635059598,0.212718770910218,0.232008000802625,1.02403411430748,2.58252525858119,2.28467280060963
"Costa Rica",2003,0.395869570538836,0.376510635059598,0.212718770910218,0.232008000802625,0.0514167029469805,0.860999707947357,0.706275512781182
"Costa Rica",2004,1.71528366103723,0.376510635059598,0.212718770910218,0.232008000802625,3.55573761087975,7.06362153042526,6.39320909237292
"Costa Rica",2005,0.536364228696524,0.376510635059598,0.212718770910218,0.232008000802625,0.42456594516015,1.521471078464,1.31183505241624
"Costa Rica",2006,0.352032591947021,0.376510635059598,0.212718770910218,0.232008000802625,-0.0650128863124996,0.65492020492918,0.517329534883169
"Costa Rica",2007,0,0.376510635059598,0.212718770910218,0.232008000802625,-1,-1,-1
"Costa Rica",2008,0.329842680183316,0.376510635059598,0.212718770910218,0.232008000802625,-0.123948570188182,0.550604484841315,0.421686661848879
"Costa Rica",2009,0.333969907382375,0.376510635059598,0.212718770910218,0.232008000802625,-0.112986788993328,0.570006755648911,0.439475820777799
"Costa Rica",2010,0.490086639162724,0.376510635059598,0.212718770910218,0.232008000802625,0.30165417262423,1.30391815948191,1.11236956254648
"Costa Rica",2011,0.264911029990416,0.376510635059598,0.212718770910218,0.232008000802625,-0.296404921076178,0.245358032377063,0.1418185108874
"Costa Rica",2012,0.296334172164313,0.376510635059598,0.212718770910218,0.232008000802625,-0.212946077559253,0.393079561790938,0.277258418412958
"Costa Rica",2013,0.26330042956818,0.376510635059598,0.212718770910218,0.232008000802625,-0.300682623409821,0.237786531209844,0.134876507091565
"Costa Rica",2014,0.258865231344276,0.376510635059598,0.212718770910218,0.232008000802625,-0.312462365629326,0.216936475500487,0.115759932626199
"Costa Rica",2015,0.177509152844023,0.376510635059598,0.212718770910218,0.232008000802625,-0.528541463866153,-0.165521913818578,-0.234900726570053
"Costa Rica",2016,0.162322419122164,0.376510635059598,0.212718770910218,0.232008000802625,-0.568876934654263,-0.236915395723702,-0.300358528323962
"Costa Rica",2017,0.10515047221041,0.376510635059598,0.212718770910218,0.232008000802625,-0.720723766026514,-0.505683152641048,-0.546780835804606
"Costa Rica",2018,0.206991624662657,0.376510635059598,0.212718770910218,0.232008000802625,-0.450236977688844,-0.0269235583820576,-0.10782548900652
"Costa Rica",2019,0.207299781470896,0.376510635059598,0.212718770910218,0.232008000802625,-0.449418523229543,-0.0254749001046503,-0.106497272707198
"Costa Rica",2020,0.103942360929368,0.376510635059598,0.212718770910218,0.232008000802625,-0.723932470292864,-0.511362535216796,-0.551988032439475
"Costa Rica",2021,0.488605386313597,0.376510635059598,0.212718770910218,0.232008000802625,0.29772001323749,1.29695472676374,1.10598507216682
"Costa Rica",2022,0.153200850636607,0.376510635059598,0.212718770910218,0.232008000802625,-0.593103523855689,-0.279796277587235,-0.339674278013633
"Ecuador",2000,2.70305744119825,1.08906321018791,0.283481604570704,0,1.48200234468656,8.53521285902017,Inf
"Ecuador",2001,0,1.08906321018791,0.283481604570704,0,-1,-1,NA
"Ecuador",2002,2.64869804945626,1.08906321018791,0.283481604570704,0,1.43208844507681,8.34345653033595,Inf
"Ecuador",2003,2.4911081482293,1.08906321018791,0.283481604570704,0,1.28738619110959,7.78754779168742,Inf
"Ecuador",2004,2.98853652254599,1.08906321018791,0.283481604570704,0,1.744135046147,9.54225908969203,Inf
"Ecuador",2005,1.61348300911092,1.08906321018791,0.283481604570704,0,0.481532930336092,4.69166740661825,Inf
"Ecuador",2006,1.9744623652409,1.08906321018791,0.283481604570704,0,0.81299152039139,5.96504582098357,Inf
"Ecuador",2007,1.72373338917799,1.08906321018791,0.283481604570704,0,0.582767072703317,5.08058287164121,Inf
"Ecuador",2008,1.74270826651091,1.08906321018791,0.283481604570704,0,0.600190191173774,5.14751799909561,Inf
"Ecuador",2009,1.18122124929042,1.08906321018791,0.283481604570704,0,0.0846213867481693,3.16683562617484,Inf
"Ecuador",2010,1.12016387234053,1.08906321018791,0.283481604570704,0,0.0285572608290181,2.95145171425451,Inf
"Ecuador",2011,0.695844006556651,1.08906321018791,0.283481604570704,0,-0.361061874051745,1.45463548723176,Inf
"Ecuador",2012,1.33062146895668,1.08906321018791,0.283481604570704,0,0.221803708461601,3.69385472461866,Inf
"Ecuador",2013,1.07883890626886,1.08906321018791,0.283481604570704,0,-0.00938816390398711,2.80567517918004,Inf
"Ecuador",2014,0.40575575278975,1.08906321018791,0.283481604570704,0,-0.627426811415527,0.431330097782584,Inf
"Ecuador",2015,1.21581266182869,1.08906321018791,0.283481604570704,0,0.116383925611549,3.28885910840627,Inf
"Ecuador",2016,0.134408724819743,1.08906321018791,0.283481604570704,0,-0.876583173903605,-0.525864385368894,Inf
"Ecuador",2017,0,1.08906321018791,0.283481604570704,0,-1,-1,NA
"Ecuador",2018,0,1.08906321018791,0.283481604570704,0,-1,-1,NA
"Ecuador",2019,0,1.08906321018791,0.283481604570704,0,-1,-1,NA
"Ecuador",2020,0,1.08906321018791,0.283481604570704,0,-1,-1,NA
"Ecuador",2021,0,1.08906321018791,0.283481604570704,0,-1,-1,NA
"Ecuador",2022,0,1.08906321018791,0.283481604570704,0,-1,-1,NA
"El Salvador",2000,4.33525575676092,2.61235203065137,0.720836562379786,0.30791511422947,0.659522034509248,5.01420069821155,13.0793860269234
"El Salvador",2001,4.05242782990843,2.61235203065137,0.720836562379786,0.30791511422947,0.551256408922037,4.62184001395497,12.1608603885823
"El Salvador",2002,4.62530688074419,2.61235203065137,0.720836562379786,0.30791511422947,0.770552676849954,5.41658195787697,14.0213700692108
"El Salvador",2003,4.00701046638924,2.61235203065137,0.720836562379786,0.30791511422947,0.533870787464325,4.55883354912021,12.0133607647563
"El Salvador",2004,3.70183446753619,2.61235203065137,0.720836562379786,0.30791511422947,0.417050391410369,4.13546989807907,11.0222564481763
"El Salvador",2005,3.12683405702756,2.61235203065137,0.720836562379786,0.30791511422947,0.196942073786247,3.33778504062635,9.15485733739372
"El Salvador",2006,6.01794892230419,2.61235203065137,0.720836562379786,0.30791511422947,1.30365159507376,7.3485622627637,18.5441816403315
"El Salvador",2007,5.19776188851189,2.61235203065137,0.720836562379786,0.30791511422947,0.989686622448,6.21073563659407,15.8805026070864
"El Salvador",2008,2.44263978310409,2.61235203065137,0.720836562379786,0.30791511422947,-0.0649653054243842,2.38861804545527,6.93283496075396
"El Salvador",2009,10.0576460838401,2.61235203065137,0.720836562379786,0.30791511422947,2.85003474487025,12.9527413130038,31.6636972953031
"El Salvador",2010,3.23245847899261,2.61235203065137,0.720836562379786,0.30791511422947,0.237374764604993,3.48431537423809,9.4978883127629
"El Salvador",2011,2.07860646606415,2.61235203065137,0.720836562379786,0.30791511422947,-0.204316094586276,1.88360298928483,5.75058277430023
"El Salvador",2012,0,2.61235203065137,0.720836562379786,0.30791511422947,-1,-1,-1
"El Salvador",2013,1.72271076037114,2.61235203065137,0.720836562379786,0.30791511422947,-0.340551832158089,1.38987705435438,4.59475868757553
"El Salvador",2014,1.29642581043217,2.61235203065137,0.720836562379786,0.30791511422947,-0.503732347240767,0.798501738247184,3.21033509081345
"El Salvador",2015,1.28736145846786,2.61235203065137,0.720836562379786,0.30791511422947,-0.507202152174388,0.785926971042834,3.18089726348564
"El Salvador",2016,0.659519855308102,2.61235203065137,0.720836562379786,0.30791511422947,-0.747537909297907,-0.0850632588186865,1.14188854275144
"El Salvador",2017,0.702772168071237,2.61235203065137,0.720836562379786,0.30791511422947,-0.730981062343268,-0.0250603191504476,1.28235684315095
"El Salvador",2018,0.461040939952145,2.61235203065137,0.720836562379786,0.30791511422947,-0.823515003130268,-0.360408497551714,0.497298828951149
"El Salvador",2019,0.402052494335181,2.61235203065137,0.720836562379786,0.30791511422947,-0.846095591398938,-0.44224181275179,0.305725103300892
"El Salvador",2020,0.330214244500589,2.61235203065137,0.720836562379786,0.30791511422947,-0.873595043613531,-0.541901366087186,0.0724197327140643
"El Salvador",2021,0.346267892359436,2.61235203065137,0.720836562379786,0.30791511422947,-0.86744975857136,-0.519630509284574,0.124556335033895
"El Salvador",2022,0,2.61235203065137,0.720836562379786,0.30791511422947,-1,-1,-1
"Guatemala",2000,3.9450514906861,2.25677517062603,1.82717992811535,2.12464376198633,0.74809238511417,1.15909305371761,0.856806096753781
"Guatemala",2001,4.03414370847085,2.25677517062603,1.82717992811535,2.12464376198633,0.787570051717546,1.20785246510007,0.898738875970123
"Guatemala",2002,1.98985186627444,2.25677517062603,1.82717992811535,2.12464376198633,-0.118276427278109,0.089028965158825,-0.0634421158612817
"Guatemala",2003,9.02533022502095,2.25677517062603,1.82717992811535,2.12464376198633,2.9992154923068,3.93948630134643,3.24792635193732
"Guatemala",2004,2.71154554134605,2.25677517062603,1.82717992811535,2.12464376198633,0.201513370334477,0.484005761897174,0.27623538113092
"Guatemala",2005,1.93034918612856,2.25677517062603,1.82717992811535,2.12464376198633,-0.144642669214994,0.0564636555085301,-0.0914480720646177
"Guatemala",2006,0,2.25677517062603,1.82717992811535,2.12464376198633,-1,-1,-1
"Guatemala",2007,1.82245713020412,2.25677517062603,1.82717992811535,2.12464376198633,-0.192450735046607,-0.00258474704026845,-0.142229317304324
"Guatemala",2008,1.70666929241351,2.25677517062603,1.82717992811535,2.12464376198633,-0.243757502019983,-0.0659544437017457,-0.196726847601996
"Guatemala",2009,2.16781866197327,2.25677517062603,1.82717992811535,2.12464376198633,-0.0394175325086042,0.186428675477663,0.0203210066362278
"Guatemala",2010,1.23640040540379,2.25677517062603,1.82717992811535,2.12464376198633,-0.452138422339692,-0.323328597047869,-0.418066959023812
"Guatemala",2011,1.59202486835251,2.25677517062603,1.82717992811535,2.12464376198633,-0.294557610756201,-0.128698359775326,-0.250686210631316
"Guatemala",2012,1.47238726697106,2.25677517062603,1.82717992811535,2.12464376198633,-0.347570247078437,-0.194174999235157,-0.306995698142578
"Guatemala",2013,1.76669257912288,2.25677517062603,1.82717992811535,2.12464376198633,-0.217160574027054,-0.0331042105168393,-0.168475858997086
"Guatemala",2014,1.2572708319791,2.25677517062603,1.82717992811535,2.12464376198633,-0.442890524344819,-0.311906390480158,-0.408243935066235
"Guatemala",2015,1.36690746863008,2.25677517062603,1.82717992811535,2.12464376198633,-0.394309417073701,-0.251903193770316,-0.35664157300791
"Guatemala",2016,1.04010240026283,2.25677517062603,1.82717992811535,2.12464376198633,-0.539120062201719,-0.430760822041404,-0.51045797941654
"Guatemala",2017,2.21760719122702,2.25677517062603,1.82717992811535,2.12464376198633,-0.0173557294979222,0.213677513146925,0.0437548312352292
"Guatemala",2018,2.0646186561662,2.25677517062603,1.82717992811535,2.12464376198633,-0.0851465032764112,0.129948191963641,-0.0282518448005649
"Guatemala",2019,1.04022148045486,2.25677517062603,1.82717992811535,2.12464376198633,-0.539067296559142,-0.430695650467331,-0.510401932283293
"Guatemala",2020,4.9897539727745,2.25677517062603,1.82717992811535,2.12464376198633,1.21101066589205,1.73084981724881,1.34851322468741
"Guatemala",2021,1.50243606563521,2.25677517062603,1.82717992811535,2.12464376198633,-0.334255319186965,-0.177729547858541,-0.292852716056933
"Guatemala",2022,1.02618863490086,2.25677517062603,1.82717992811535,2.12464376198633,-0.545285392954676,-0.438375707224782,-0.51700673154662
"Honduras",2000,0,1.40931808191317,1.12685748511947,0.661233989228847,-1,-1,-1
"Honduras",2001,1.81844511078648,1.40931808191317,1.12685748511947,0.661233989228847,0.290301411813232,0.613731225820175,1.75007809702464
"Honduras",2002,1.94509948667343,1.40931808191317,1.12685748511947,0.661233989228847,0.38017067377219,0.726127316328037,1.94162054334483
"Honduras",2003,2.55989079466498,1.40931808191317,1.12685748511947,0.661233989228847,0.816403853408231,1.27170767241572,2.87138416409962
"Honduras",2004,1.40234724289301,1.40931808191317,1.12685748511947,0.661233989228847,-0.00494624961506007,0.244476130665568,1.12080332489937
"Honduras",2005,1.91272777562998,1.40931808191317,1.12685748511947,0.661233989228847,0.35720090459169,0.697399893853652,1.89266402935618
"Honduras",2006,1.69705962048469,1.40931808191317,1.12685748511947,0.661233989228847,0.204170756243265,0.506010869071672,1.56650391257693
"Honduras",2007,1.78040571676811,1.40931808191317,1.12685748511947,0.661233989228847,0.263310064361896,0.579974167344997,1.69255021031886
"Honduras",2008,1.27562208254125,1.40931808191317,1.12685748511947,0.661233989228847,-0.0948657376129211,0.13201722434848,0.929153829537594
"Honduras",2009,1.31570978132312,1.40931808191317,1.12685748511947,0.661233989228847,-0.0664209888394928,0.167591996945052,0.989779416598872
"Honduras",2010,1.05990596324105,1.40931808191317,1.12685748511947,0.661233989228847,-0.247929919552148,-0.0594143649596657,0.60292117541802
"Honduras",2011,2.2450487272492,1.40931808191317,1.12685748511947,0.661233989228847,0.593003563965853,0.992309370879478,2.39524096434826
"Honduras",2012,2.13347873055292,1.40931808191317,1.12685748511947,0.661233989228847,0.513837619720802,0.893299515445584,2.22651098598403
"Honduras",2013,1.10114053488033,1.40931808191317,1.12685748511947,0.661233989228847,-0.218671392205856,-0.0228218302480482,0.665281205771828
"Honduras",2014,4.51051797354931,1.40931808191317,1.12685748511947,0.661233989228847,2.20049677318141,3.0027403936276,5.82136436877606
"Honduras",2015,1.39901797996892,1.40931808191317,1.12685748511947,0.661233989228847,-0.00730857148321518,0.241521663957884,1.11576840083569
"Honduras",2016,0.951728416651896,1.40931808191317,1.12685748511947,0.661233989228847,-0.32468870664037,-0.15541367988429,0.439321680607848
"Honduras",2017,0,1.40931808191317,1.12685748511947,0.661233989228847,-1,-1,-1
"Honduras",2018,0.765405769030419,1.40931808191317,1.12685748511947,0.661233989228847,-0.456896367928971,-0.320760806811989,0.157541477749897
"Honduras",2019,0.683433168795666,1.40931808191317,1.12685748511947,0.661233989228847,-0.515061094037838,-0.393505232187184,0.0335723509807904
"Honduras",2020,0.882372965911832,1.40931808191317,1.12685748511947,0.661233989228847,-0.373900769999348,-0.216961348206084,0.334433771229583
"Honduras",2021,0.437107366810536,1.40931808191317,1.12685748511947,0.661233989228847,-0.689844774987094,-0.612100578304989,-0.338952059436169
"Honduras",2022,0.537850675595782,1.40931808191317,1.12685748511947,0.661233989228847,-0.618361048156253,-0.522698581942898,-0.186595540524102
"Mexico",2000,1.86965225851703,0.983930398435636,0.246890227821844,0.041417497737454,0.900187514777077,6.57280786287811,44.1416034442442
"Mexico",2001,2.07784044146131,0.983930398435636,0.246890227821844,0.041417497737454,1.11177583776748,7.41604975536204,49.1681790298575
"Mexico",2002,1.42766772324945,0.983930398435636,0.246890227821844,0.041417497737454,0.45098446548589,4.78260118209156,33.4701587792544
"Mexico",2003,1.49872165794116,0.983930398435636,0.246890227821844,0.041417497737454,0.523198856671161,5.07039683653513,35.1857123151566
"Mexico",2004,1.14098093868261,0.983930398435636,0.246890227821844,0.041417497737454,0.159615497698486,3.62140988223293,26.5482827551607
"Mexico",2005,2.31872168431979,0.983930398435636,0.246890227821844,0.041417497737454,1.35659116539783,8.39171106437221,54.9841084320978
"Mexico",2006,2.20953388703607,0.983930398435636,0.246890227821844,0.041417497737454,1.24562010742735,7.94945865832514,52.3478362464659
"Mexico",2007,1.02868917164807,0.983930398435636,0.246890227821844,0.041417497737454,0.0454897757845438,3.16658520964374,23.8370671296693
"Mexico",2008,3.95942243788632,0.983930398435636,0.246890227821844,0.041417497737454,3.02408792754189,15.0371776267444,94.597818655901
"Mexico",2009,1.22090535244306,0.983930398435636,0.246890227821844,0.041417497737454,0.240845241070094,3.94513437495819,28.4780085504535
"Mexico",2010,0.749591292192626,0.983930398435636,0.246890227821844,0.041417497737454,-0.23816634450525,2.03613188260141,17.0984205502779
"Mexico",2011,0,0.983930398435636,0.246890227821844,0.041417497737454,-1,-1,-1
"Mexico",2012,0.659770040423687,0.983930398435636,0.246890227821844,0.041417497737454,-0.329454561549613,1.67232140471666,14.9297416904801
"Mexico",2013,0.592206428830085,0.983930398435636,0.246890227821844,0.041417497737454,-0.398121625501517,1.39866289587379,13.2984598582968
"Mexico",2014,0.686245419251306,0.983930398435636,0.246890227821844,0.041417497737454,-0.302546785481598,1.77955683100791,15.5689734228133
"Mexico",2015,0.38951850759716,0.983930398435636,0.246890227821844,0.041417497737454,-0.604119856225135,0.577699170330209,8.40468470756785
"Mexico",2016,0.357402210605041,0.983930398435636,0.246890227821844,0.041417497737454,-0.636760678221468,0.447615864581494,7.62925647683058
"Mexico",2017,0.23644222324758,0.983930398435636,0.246890227821844,0.041417497737454,-0.759696190275753,-0.0423184208886692,4.70875200492289
"Mexico",2018,0.167687687243873,0.983930398435636,0.246890227821844,0.041417497737454,-0.829573628876106,-0.320800629805096,3.04871603559556
"Mexico",2019,0.0393998014433971,0.983930398435636,0.246890227821844,0.041417497737454,-0.959956718985368,-0.840415711099639,-0.0487160355955619
"Mexico",2020,0,0.983930398435636,0.246890227821844,0.041417497737454,-1,-1,-1
"Mexico",2021,0,0.983930398435636,0.246890227821844,0.041417497737454,-1,-1,-1
"Mexico",2022,0,0.983930398435636,0.246890227821844,0.041417497737454,-1,-1,-1
"Nicaragua",2000,6.07209481944799,3.2655066296421,2.53460211182538,2.69753171188475,0.859464857406674,1.39567969706888,1.25098181151889
"Nicaragua",2001,2.98353417175095,3.2655066296421,2.53460211182538,2.69753171188475,-0.0863487629550614,0.17712131534612,0.106023761873173
"Nicaragua",2002,14.6273353841081,3.2655066296421,2.53460211182538,2.69753171188475,3.47934640564832,4.77105783817631,4.42248875876535
"Nicaragua",2003,4.48516412271653,3.2655066296421,2.53460211182538,2.69753171188475,0.373497172537699,0.769573260351456,0.662691898284588
"Nicaragua",2004,2.93587296988664,3.2655066296421,2.53460211182538,2.69753171188475,-0.100944109793948,0.158317100814008,0.0883553127297112
"Nicaragua",2005,0,3.2655066296421,2.53460211182538,2.69753171188475,-1,-1,-1
"Nicaragua",2006,2.93990040191645,3.2655066296421,2.53460211182538,2.69753171188475,-0.0997107844675648,0.159906080800657,0.0898483190999666
"Nicaragua",2007,2.89176628749794,3.2655066296421,2.53460211182538,2.69753171188475,-0.11445095188342,0.140915283707127,0.0720045568908176
"Nicaragua",2008,3.4731354526646,3.2655066296421,2.53460211182538,2.69753171188475,0.0635824227511244,0.370288234378254,0.287523493185531
"Nicaragua",2009,1.93014351430934,3.2655066296421,2.53460211182538,2.69753171188475,-0.408929843599526,-0.238482637845165,-0.284477915197238
"Nicaragua",2010,2.54414837235785,3.2655066296421,2.53460211182538,2.69753171188475,-0.220902401708891,0.00376637440958771,-0.0568606251600771
"Nicaragua",2011,2.35659173665474,3.2655066296421,2.53460211182538,2.69753171188475,-0.278338094535418,-0.0702320787709134,-0.126389607850726
"Nicaragua",2012,2.52094413020326,3.2655066296421,2.53460211182538,2.69753171188475,-0.228008264530898,-0.00538860973815258,-0.0654626527293388
"Nicaragua",2013,1.92539486416977,3.2655066296421,2.53460211182538,2.69753171188475,-0.410384028410074,-0.240356166679302,-0.286238283803341
"Nicaragua",2014,1.87112463368551,3.2655066296421,2.53460211182538,2.69753171188475,-0.427003265986146,-0.261767902363992,-0.306356761093212
"Nicaragua",2015,1.46453399184398,3.2655066296421,2.53460211182538,2.69753171188475,-0.551514004427394,-0.422183866646728,-0.457083679353405
"Nicaragua",2016,3.22030829162127,3.2655066296421,2.53460211182538,2.69753171188475,-0.0138411410990706,0.270537997501332,0.193798121976946
"Nicaragua",2017,3.37700077750956,3.2655066296421,2.53460211182538,2.69753171188475,0.0341429862231464,0.33235933235986,0.251885478354606
"Nicaragua",2018,1.575921377611,3.2655066296421,2.53460211182538,2.69753171188475,-0.51740371208993,-0.378237171720794,-0.415791343372229
"Nicaragua",2019,7.56112345193112,3.2655066296421,2.53460211182538,2.69753171188475,1.31545187607224,1.98315992741192,1.80297852240936
"Nicaragua",2020,2.52671227147825,3.2655066296421,2.53460211182538,2.69753171188475,-0.22624187973087,-0.00311285164260044,-0.0633243493130797
"Nicaragua",2021,1.82390145840338,3.2655066296421,2.53460211182538,2.69753171188475,-0.441464475420991,-0.280399298219699,-0.323862829724055
"Nicaragua",2022,0,3.2655066296421,2.53460211182538,2.69753171188475,-1,-1,-1
"Panama",2000,1.94280791788813,1.87839325055407,1.81270944284813,1.24115414754252,0.034292429082708,0.0717701756082787,0.565323631826783
"Panama",2001,1.93032165398352,1.87839325055407,1.81270944284813,1.24115414754252,0.0276451181956365,0.0648819983806082,0.55526342783896
"Panama",2002,2.49173229300779,1.87839325055407,1.81270944284813,1.24115414754252,0.326523235894724,0.374590011012892,1.00759293109676
"Panama",2003,1.36060107458039,1.87839325055407,1.81270944284813,1.24115414754252,-0.275656961512689,-0.249410279210214,0.0962385915354478
"Panama",2004,1.86642771207956,1.87839325055407,1.81270944284813,1.24115414754252,-0.00637009234939356,0.0296342414077257,0.50378397056891
"Panama",2005,1.83425757097222,1.87839325055407,1.81270944284813,1.24115414754252,-0.0234965066919978,0.0118872487861206,0.477864433361516
"Panama",2006,2.00655072956007,1.87839325055407,1.81270944284813,1.24115414754252,0.0682271824433998,0.106934560018274,0.616681323212781
"Panama",2007,1.51796672385428,1.87839325055407,1.81270944284813,1.24115414754252,-0.191880228803778,-0.162597883602765,0.223028361835514
"Panama",2008,1.52618339932114,1.87839325055407,1.81270944284813,1.24115414754252,-0.187505918225077,-0.158065069202047,0.229648551183572
"Panama",2009,1.26739856673089,1.87839325055407,1.81270944284813,1.24115414754252,-0.325275169958662,-0.300826411132084,0.0211451730152417
"Panama",2010,3.05266095088162,1.87839325055407,1.81270944284813,1.24115414754252,0.625144761343867,0.684032133735272,1.45953410132487
"Panama",2011,2.86571395265602,1.87839325055407,1.81270944284813,1.24115414754252,0.525619809276212,0.580900879598995,1.3089105880443
"Panama",2012,1.41332778874657,1.87839325055407,1.81270944284813,1.24115414754252,-0.247586846721429,-0.220323039457473,0.138720594492598
"Panama",2013,6.79683327471569,1.87839325055407,1.81270944284813,1.24115414754252,2.61842935323093,2.74954370185025,4.47622008770901
"Panama",2014,2.14011855729584,1.87839325055407,1.81270944284813,1.24115414754252,0.139334671621383,0.180618640091199,0.724297148370545
"Panama",2015,1.5905537246294,1.87839325055407,1.81270944284813,1.24115414754252,-0.153237095501575,-0.122554510374085,0.281511831369771
"Panama",2016,0,1.87839325055407,1.81270944284813,1.24115414754252,-1,-1,-1
"Panama",2017,1.39381813412782,1.87839325055407,1.81270944284813,1.24115414754252,-0.257973199319851,-0.23108574315261,0.123001632704185
"Panama",2018,1.26078770731534,1.87839325055407,1.81270944284813,1.24115414754252,-0.328794592429755,-0.304473360422073,0.0158187923810233
"Panama",2019,1.57166617565931,1.87839325055407,1.81270944284813,1.24115414754252,-0.163292257786958,-0.132974023023842,0.266294101156737
"Panama",2020,0.924833910555174,1.87839325055407,1.81270944284813,1.24115414754252,-0.507646276794075,-0.489805763298683,-0.254859750993587
"Panama",2021,1.24581830271602,1.87839325055407,1.81270944284813,1.24115414754252,-0.336763852644518,-0.31273138801628,0.00375791772741207
"Panama",2022,1.20266464146675,1.87839325055407,1.81270944284813,1.24115414754252,-0.359737562349097,-0.336537553653872,-0.0310110602715851
"Paraguay",2000,4.711254538197,2.17670583508053,0.490324713036739,0.0878559906770497,1.16439652169293,8.60843786359183,52.6247386420708
"Paraguay",2001,3.81234519627527,2.17670583508053,0.490324713036739,0.0878559906770497,0.751428757544643,6.77514388916722,42.3931160174278
"Paraguay",2002,3.71825441303237,2.17670583508053,0.490324713036739,0.0878559906770497,0.708202529302636,6.58324904735889,41.3221499681259
"Paraguay",2003,2.34148677893936,2.17670583508053,0.490324713036739,0.0878559906770497,0.0757019810408752,3.77537989965421,25.6514185418094
"Paraguay",2004,5.02053281536002,2.17670583508053,0.490324713036739,0.0878559906770497,1.30648199423524,9.23920002780656,56.1450253610482
"Paraguay",2005,5.13060526312186,2.17670583508053,0.490324713036739,0.0878559906770497,1.3570503558337,9.46368891208107,57.3978989205355
"Paraguay",2006,2.5857838111065,2.17670583508053,0.490324713036739,0.0878559906770497,0.187934432587596,4.2736151010866,28.4320716342679
"Paraguay",2007,9.93946510903446,2.17670583508053,0.490324713036739,0.0878559906770497,3.56628771276608,19.2711893664836,112.133606854096
"Paraguay",2008,2.82670218618695,2.17670583508053,0.490324713036739,0.0878559906770497,0.298614695945983,4.76495965026986,31.1742679628716
"Paraguay",2009,1.9025161542965,2.17670583508053,0.490324713036739,0.0878559906770497,-0.125965427374291,2.88011475602281,20.6549394029369
"Paraguay",2010,0,2.17670583508053,0.490324713036739,0.0878559906770497,-1,-1,-1
"Paraguay",2011,1.67230553934426,2.17670583508053,0.490324713036739,0.0878559906770497,-0.231726440756112,2.41060830686492,18.034621617227
"Paraguay",2012,1.49973527159027,2.17670583508053,0.490324713036739,0.0878559906770497,-0.311006913557162,2.05865731772304,16.0703814279797
"Paraguay",2013,1.45743014409786,2.17670583508053,0.490324713036739,0.0878559906770497,-0.330442303866044,1.97237749872228,15.588853336766
"Paraguay",2014,0.936085500441347,2.17670583508053,0.490324713036739,0.0878559906770497,-0.56995314417085,0.909113441669843,9.65477144162324
"Paraguay",2015,1.11828589427581,2.17670583508053,0.490324713036739,0.0878559906770497,-0.486248497039364,1.28070473411366,11.7286242595172
"Paraguay",2016,0.529982163042746,2.17670583508053,0.490324713036739,0.0878559906770497,-0.756520998611125,0.080879973926657,5.03239641324984
"Paraguay",2017,0.422183475124378,2.17670583508053,0.490324713036739,0.0878559906770497,-0.806044772646664,-0.138971657150096,3.8054033865065
"Paraguay",2018,0.102336854345382,2.17670583508053,0.490324713036739,0.0878559906770497,-0.952985445853047,-0.791287586318917,0.16482500005677
"Paraguay",2019,0.0798252193649432,2.17670583508053,0.490324713036739,0.0878559906770497,-0.963327511656167,-0.837199273782143,-0.091408351897446
"Paraguay",2020,0.0449047377943043,2.17670583508053,0.490324713036739,0.0878559906770497,-0.979370323233115,-0.90841836725668,-0.488882460396243
"Paraguay",2021,0.104637904581092,2.17670583508053,0.490324713036739,0.0878559906770497,-0.951928320816386,-0.786594675326406,0.191016159225055
"Paraguay",2022,0.107575237299527,2.17670583508053,0.490324713036739,0.0878559906770497,-0.950578881369357,-0.780604088598189,0.224449653011863
"Peru",2000,3.01216561705586,2.74628433926189,1.98623985584146,1.83510617996718,0.0968149124228812,0.51651655171312,0.641412170008454
"Peru",2001,13.6329797117629,2.74628433926189,1.98623985584146,1.83510617996718,3.96415448206175,5.8637126939472,6.42898686767361
"Peru",2002,4.36012332709974,2.74628433926189,1.98623985584146,1.83510617996718,0.587644536571037,1.1951645539066,1.37595152514701
"Peru",2003,2.80987275598063,2.74628433926189,1.98623985584146,1.83510617996718,0.0231543456042247,0.414669405468272,0.531177207430513
"Peru",2004,0,2.74628433926189,1.98623985584146,1.83510617996718,-1,-1,-1
"Peru",2005,2.71466176494115,2.74628433926189,1.98623985584146,1.83510617996718,-0.0115146759818903,0.366734111672074,0.479294110921524
"Peru",2006,2.72414993574405,2.74628433926189,1.98623985584146,1.83510617996718,-0.00805976395138652,0.371511062841891,0.484464477032475
"Peru",2007,3.34148507250053,2.74628433926189,1.98623985584146,1.83510617996718,0.21672946414522,0.682316998459847,0.820867429349665
"Peru",2008,1.8277998632462,2.74628433926189,1.98623985584146,1.83510617996718,-0.334446241740048,-0.0797688114702243,-0.00398141361014603
"Peru",2009,2.50695397340741,2.74628433926189,1.98623985584146,1.83510617996718,-0.0871469725231745,0.262160743595264,0.36610840330353
"Peru",2010,2.24476845335278,2.74628433926189,1.98623985584146,1.83510617996718,-0.18261615475836,0.130159807613865,0.22323627801903
"Peru",2011,2.36243513827199,2.74628433926189,1.98623985584146,1.83510617996718,-0.139770378289768,0.18940073190262,0.287356101821986
"Peru",2012,1.76474563124561,2.74628433926189,1.98623985584146,1.83510617996718,-0.357406075541357,-0.111514338988036,-0.0383414047043493
"Peru",2013,1.82317375785993,2.74628433926189,1.98623985584146,1.83510617996718,-0.336130737886399,-0.0820978883803792,-0.00650230609951286
"Peru",2014,1.37452162678111,2.74628433926189,1.98623985584146,1.83510617996718,-0.499497700536524,-0.307978025544755,-0.250985233559788
"Peru",2015,3.2031124728531,2.74628433926189,1.98623985584146,1.83510617996718,0.166344076998957,0.612651394257776,0.745464381200209
"Peru",2016,2.93004802253683,2.74628433926189,1.98623985584146,1.83510617996718,0.0669135677787571,0.475173309970425,0.596664026595576
"Peru",2017,1.35601177854774,2.74628433926189,1.98623985584146,1.83510617996718,-0.506237661133009,-0.317297065326851,-0.261071760669463
"Peru",2018,5.50564943770545,2.74628433926189,1.98623985584146,1.83510617996718,1.0047630753286,1.77189556010243,2.00018031534497
"Peru",2019,1.65038859103005,2.74628433926189,1.98623985584146,1.83510617996718,-0.399046716526949,-0.169088976753581,-0.100657711773625
"Peru",2020,1.07794981333442,2.74628433926189,1.98623985584146,1.83510617996718,-0.607487907233911,-0.457291217793155,-0.412595399055494
"Peru",2021,0,2.74628433926189,1.98623985584146,1.83510617996718,-1,-1,-1
"Peru",2022,0.941543057766002,2.74628433926189,1.98623985584146,1.83510617996718,-0.657157474808651,-0.525967090531913,-0.48692720451585
"Uruguay",2000,0.408317529238448,0.34455108457511,0.157864730329928,0.135121732870524,0.185071089652709,1.58650256067386,2.02184941359289
"Uruguay",2001,0.826348810248566,0.34455108457511,0.157864730329928,0.135121732870524,1.39833466572191,4.23453724287588,5.11558772000347
"Uruguay",2002,0.404580362610101,0.34455108457511,0.157864730329928,0.135121732870524,0.174224609128767,1.56282933980599,1.99419163753456
"Uruguay",2003,0.423116660720129,0.34455108457511,0.157864730329928,0.135121732870524,0.228023012151896,1.68024820893077,2.13137384883575
"Uruguay",2004,0.419945563843128,0.34455108457511,0.157864730329928,0.135121732870524,0.218819451289763,1.66016077793606,2.10790540442171
"Uruguay",2005,0.46816156413744,0.34455108457511,0.157864730329928,0.135121732870524,0.358758062580946,1.96558682334559,2.46473919621828
"Uruguay",2006,0.337643789765326,0.34455108457511,0.157864730329928,0.135121732870524,-0.0200472299145473,1.13881713198173,1.49881186832367
"Uruguay",2007,0.324668836832329,0.34455108457511,0.157864730329928,0.135121732870524,-0.0577047893124442,1.05662681052183,1.40278769325311
"Uruguay",2008,0.24303694908719,0.34455108457511,0.157864730329928,0.135121732870524,-0.294627241162523,0.539526584432487,0.798651807700485
"Uruguay",2009,0.519918074475487,0.34455108457511,0.157864730329928,0.135121732870524,0.508972392632676,2.29344036118066,2.84777536100489
"Uruguay",2010,0.52430742156134,0.34455108457511,0.157864730329928,0.135121732870524,0.521711714266987,2.32124484338945,2.88025975113671
"Uruguay",2011,0.225578759046141,0.34455108457511,0.157864730329928,0.135121732870524,-0.345296621764178,0.428937030929546,0.66944838742036
"Uruguay",2012,1.22040332036262,0.34455108457511,0.157864730329928,0.135121732870524,2.54200980637627,6.7306901789402,8.0318803232936
"Uruguay",2013,0.280297619870334,0.34455108457511,0.157864730329928,0.135121732870524,-0.186484581187754,0.775555687990143,1.07440812011285
"Uruguay",2014,0.248491429529015,0.34455108457511,0.157864730329928,0.135121732870524,-0.278796553969792,0.574078193461467,0.83901896645393
"Uruguay",2015,0,0.34455108457511,0.157864730329928,0.135121732870524,-1,-1,-1
"Uruguay",2016,0.175390802691794,0.34455108457511,0.157864730329928,0.135121732870524,-0.490958494854019,0.111019556586435,0.298020673401639
"Uruguay",2017,0.198858786855519,0.34455108457511,0.157864730329928,0.135121732870524,-0.42284672503427,0.259678374263305,0.471700981263088
"Uruguay",2018,0.19872243846577,0.34455108457511,0.157864730329928,0.135121732870524,-0.423242452680628,0.25881467032219,0.470691903101844
"Uruguay",2019,0.114837933900622,0.34455108457511,0.157864730329928,0.135121732870524,-0.666702735699594,-0.272554840713202,-0.15011500029635
"Uruguay",2020,0.119275918145552,0.34455108457511,0.157864730329928,0.135121732870524,-0.653822253113382,-0.244442264613051,-0.117270659488624
"Uruguay",2021,0.113435046590086,0.34455108457511,0.157864730329928,0.135121732870524,-0.670774373762397,-0.28144148250839,-0.160497396086672
"Uruguay",2022,0.12933732725059,0.34455108457511,0.157864730329928,0.135121732870524,-0.624620751346393,-0.180707894788897,-0.042808847230199
"Venezuela",2000,2.31070946675081,5.68903365158335,6.42636283895911,7.41684329250593,-0.593830937156137,-0.640432772836543,-0.688451086854487
"Venezuela",2001,2.66879464349311,5.68903365158335,6.42636283895911,7.41684329250593,-0.530887878866678,-0.584711490718539,-0.64017108920318
"Venezuela",2002,2.34269756684962,5.68903365158335,6.42636283895911,7.41684329250593,-0.588208172015715,-0.635455136045653,-0.684138187304468
"Venezuela",2003,5.88696995362883,5.68903365158335,6.42636283895911,7.41684329250593,0.034792605241559,-0.0839343963058347,-0.206270144661531
"Venezuela",2004,6.62380139666833,5.68903365158335,6.42636283895911,7.41684329250593,0.164310461553488,0.0307232197522784,-0.10692445081574
"Venezuela",2005,3.55721850011874,5.68903365158335,6.42636283895911,7.41684329250593,-0.374723596664134,-0.44646472829802,-0.520386455554077
"Venezuela",2006,16.8161828754152,5.68903365158335,6.42636283895911,7.41684329250593,1.95589442870232,1.61674967579934,1.26729650502478
"Venezuela",2007,5.22044773344265,5.68903365158335,6.42636283895911,7.41684329250593,-0.0823665224779047,-0.18765126335627,-0.296136169046816
"Venezuela",2008,3.93155825140631,5.68903365158335,6.42636283895911,7.41684329250593,-0.308923361648231,-0.388214087824037,-0.469914882065959
"Venezuela",2009,0,5.68903365158335,6.42636283895911,7.41684329250593,-1,-1,-1
"Venezuela",2010,5.04934522135724,5.68903365158335,6.42636283895911,7.41684329250593,-0.112442370603322,-0.214276356954801,-0.319205621283766
"Venezuela",2011,5.26359199188702,5.68903365158335,6.42636283895911,7.41684329250593,-0.074782763778857,-0.180937627739119,-0.290319104192829
"Venezuela",2012,6.91282799580797,5.68903365158335,6.42636283895911,7.41684329250593,0.215114625641918,0.0756983645398477,-0.0679555003146992
"Venezuela",2013,4.06013721531558,5.68903365158335,6.42636283895911,7.41684329250593,-0.286322165771408,-0.368206041728387,-0.452578805403912
"Venezuela",2014,5.36776150063605,5.68903365158335,6.42636283895911,7.41684329250593,-0.0564721832604876,-0.164727912950294,-0.276274111648051
"Venezuela",2015,5.44159058600929,5.68903365158335,6.42636283895911,7.41684329250593,-0.0434947445784907,-0.153239441598248,-0.266319865284529
"Venezuela",2016,7.00695609521883,5.68903365158335,6.42636283895911,7.41684329250593,0.231660159589439,0.090345545498915,-0.055264373416283
"Venezuela",2017,5.30296652988172,5.68903365158335,6.42636283895911,7.41684329250593,-0.0678616343909615,-0.17481059461301,-0.285010304149219
"Venezuela",2018,5.48571727421302,5.68903365158335,6.42636283895911,7.41684329250593,-0.035738297542631,-0.146372931052622,-0.260370341145558
"Venezuela",2019,4.42831446705026,5.68903365158335,6.42636283895911,7.41684329250593,-0.221605155065695,-0.310914341748011,-0.402938110944762
"Venezuela",2020,10.4360090109572,5.68903365158335,6.42636283895911,7.41684329250593,0.834408029569784,0.623937096687111,0.407068829605969
"Venezuela",2021,11.0356175987028,5.68903365158335,6.42636283895911,7.41684329250593,0.939805294635833,0.71724159921388,0.487913006043059
"Venezuela",2022,5.69855811160638,5.68903365158335,6.42636283895911,7.41684329250593,0.00167417888631816,-0.113252977709335,-0.231673383558707
